<?xml version='1.0' encoding='utf-8' standalone='yes' ?>
<map>
    <string name="prev_event_name">af_complete_registration</string>
    <long name="prev_event_timestamp" value="1764819702775" />
    <int name="appsFlyerInAppEventCount" value="1" />
    <long name="prev_session_dur" value="1" />
    <string name="afUninstallToken">d8EFYtNQQdOODPqyaMCc3z:APA91bGSy-z9V3-rY4RfHn51zY3gdQd2u_UDWr3qdicVolt79uuzHlxYcjSgJnSCW3Ge1Ccuh7WX2kNC2UVTM4cAMAagj2FIWkKdiyVEj-xTifT_9sKqTxo</string>
    <boolean name="ddl_sent" value="true" />
    <long name="af_rc_max_age" value="86400" />
    <string name="sentSuccessfully">true</string>
    <string name="af_remote_config">eyJmZWF0dXJlcyI6e30sInZlciI6ImRlZmF1bHQudjEuMTYzNzE0OTUyOSJ9</string>
    <int name="versionCode" value="240011298" />
    <string name="savedProperties">{&quot;uid&quot;:&quot;1764819655670-8077711108959880505&quot;,&quot;waitForCustomerId&quot;:&quot;false&quot;,&quot;AppUserId&quot;:&quot;159771513&quot;}</string>
    <string name="AF_INSTALLATION">1764819655670-8077711108959880505</string>
    <boolean name="afUninstallToken_queued" value="false" />
    <int name="appsFlyerCount" value="5" />
    <long name="af_rc_timestamp" value="1764819656063" />
    <long name="AppsFlyerTimePassedSincePrevLaunch" value="1764819722495" />
    <boolean name="newGPReferrerSent" value="true" />
    <string name="appsFlyerFirstInstall"></string>
    <long name="afUninstallToken_received_time" value="1764819659274" />
</map>
