<?xml version='1.0' encoding='utf-8' standalone='yes' ?>
<map>
    <string name="prev_event_name">af_content_view</string>
    <long name="prev_event_timestamp" value="1765603316727" />
    <int name="appsFlyerInAppEventCount" value="1" />
    <string name="afUninstallToken">d_MeI-4XS22vMIxMZAbTkO:APA91bHTC99htVN5xYldkTspyBiUZ2RcivqcuCZhLGxrV4rg4o712hlGe6jpn_naxqbs3olpdy8tiFcDMINIkV2ZMK8DP-sjc6N_6FFH3erdouMuL9DA1is</string>
    <long name="prev_session_dur" value="8" />
    <long name="af_rc_max_age" value="86400" />
    <boolean name="ddl_sent" value="true" />
    <string name="sentSuccessfully">true</string>
    <string name="af_remote_config">eyJmZWF0dXJlcyI6e30sInZlciI6ImRlZmF1bHQudjEuMTYzNzE0OTUyOSJ9</string>
    <int name="versionCode" value="260011316" />
    <boolean name="sentRegisterRequestToAF" value="true" />
    <string name="savedProperties">{&quot;uid&quot;:&quot;1765603259013-1794893548635690314&quot;,&quot;waitForCustomerId&quot;:&quot;false&quot;,&quot;AppUserId&quot;:&quot;33121604&quot;}</string>
    <string name="AF_INSTALLATION">1765603259013-1794893548635690314</string>
    <boolean name="afUninstallToken_queued" value="false" />
    <int name="appsFlyerCount" value="4" />
    <long name="af_rc_timestamp" value="1765603259315" />
    <long name="AppsFlyerTimePassedSincePrevLaunch" value="1765603311626" />
    <boolean name="newGPReferrerSent" value="true" />
    <string name="first_launch">{&quot;net&quot;:982,&quot;from_fg&quot;:922,&quot;start_with&quot;:&quot;activity&quot;,&quot;init_to_fg&quot;:349}</string>
    <string name="appsFlyerFirstInstall"></string>
    <long name="afUninstallToken_received_time" value="1765603313928" />
    <string name="attributionId">{&quot;install_time&quot;:&quot;2025-12-13 05:21:01.464&quot;,&quot;af_message&quot;:&quot;organic install&quot;,&quot;af_status&quot;:&quot;Organic&quot;,&quot;is_first_launch&quot;:false}</string>
</map>
