<?xml version='1.0' encoding='utf-8' standalone='yes' ?>
<map>
    <long name="com.facebook.appevents.SessionInfo.sessionStartTime" value="1764819655977" />
    <long name="com.facebook.appevents.SessionInfo.sessionEndTime" value="1764819723177" />
    <string name="com.facebook.appevents.UserDataStore.internalUserData">{&quot;r2&quot;:&quot;b39d22152d7c72a0f779c2568a6d171c86254229a161d08ecccf70d9ca630512&quot;}</string>
    <int name="com.facebook.appevents.SessionInfo.interruptionCount" value="3" />
    <int name="com.encdata.missl.classes.originalInstallVersionCode" value="240011298" />
    <long name="com.encdata.missl.classes.cloneTimestamp" value="1764817281426" />
    <string name="com.facebook.appevents.SessionInfo.sessionId">2be14dfe-a279-4863-80f9-745cc03bd923</string>
</map>
