<?xml version='1.0' encoding='utf-8' standalone='yes' ?>
<map>
    <string name="vivo/V2513i/V2513:15/AP3A.240905.015.A2_V000L1/compiler251104183919:user/release-keys;1.12.87">b1da9870c2ef4086aae69f5b03f237bf</string>
    <string name="deviceIdHash">aa3679b8-3458-408f-9f1a-c1be7f465f10</string>
    <string name="TECNO/KI7-GL/TECNO-KI7:13/TP1A.220624.014/240814V5181:user/release-keys;1.12.87">b5fd05f56ce6f2642be56b6ceda9e5c5</string>
    <string name="LAST_SAVED_LOCALE">en</string>
    <int name="AppMinSdkVersion" value="24" />
</map>
