<?xml version='1.0' encoding='utf-8' standalone='yes' ?>
<map>
    <long name="fire-count" value="1" />
    <string name="last-used-date">2025-12-04</string>
    <long name="fire-global" value="1764819656175" />
    <set name="fire-cls/19.1.0 fire-installations/18.0.0 fire-rc/22.0.0 device-model/RE60A4L1 fire-dl/22.1.0 fire-abt/21.1.1 fire-core/21.0.0 fire-core-ktx/21.0.0 fire-sessions/2.0.4 device-name/RMX5030IN android-platform/ fire-transport/19.0.0 fire-dl-ktx/22.1.0 kotlin/2.0.21 fire-auth/23.0.0 android-min-sdk/24 device-brand/realme fire-android/35 android-installer/com.android.vending fire-perf/21.0.1 fire-analytics/22.1.0 fire-analytics-ktx/22.1.0 fire-fcm/24.0.1 fire-cfg-ktx/22.0.0 android-target-sdk/27">
        <string>2025-12-04</string>
    </set>
</map>
