<?xml version='1.0' encoding='utf-8' standalone='yes' ?>
<map>
    <int name="lastVersionCodeUsed" value="744417133" />
    <set name="CachedFlagsEnabled">
        <string>EnablePerfettoSystemTracing</string>
        <string>WebViewStartupTasksYieldToNative</string>
    </set>
    <set name="CachedFlagsDisabled">
        <string>WebViewUseStartupTasksLogicP2</string>
        <string>WebViewOptInToGmsBindServiceOptimization</string>
        <string>WebViewDisableCHIPS</string>
        <string>WebViewEarlyStartupTracing</string>
        <string>WebViewEarlyPerfettoInit</string>
        <string>WebViewReducedSeedExpiration</string>
        <string>WebViewReducedSeedRequestPeriod</string>
        <string>WebViewMoveWorkToProviderInit</string>
        <string>WebViewUseStartupTasksLogic</string>
    </set>
</map>
