{"Fid":"c6-Bx4EmRoGN5IxLPd7g2t","Status":3,"AuthToken":"eyJhbGciOiJFUzI1NiIsInR5cCI6IkpXVCJ9.eyJhcHBJZCI6IjE6ODc2MzMzMzcxNTk2OmFuZHJvaWQ6OTJlMjQzNjFhNmE0YWIzY2Y4MzI2OSIsImV4cCI6MTc2NjE0NTM4NSwiZmlkIjoiYzYtQng0RW1Sb0dONUl4TFBkN2cydCIsInByb2plY3ROdW1iZXIiOjg3NjMzMzM3MTU5Nn0.AB2LPV8wRQIhALLKloZ-vpiGcjdvWpNwLUkzxdzs8ByRjj9JcDUUA8qhAiBMO2uCSIROhFMl8VOWRLKj1D5khodghYQQ7Qbiqa1jLA","RefreshToken":"3_AS3qfwICbvKbEyUry9bwooQhmkbSHroMYn8rH5W2ZDUNv-oDxMXuU-qzwdZxoLbQm_LtVjA27p9_ksnCj5r5zlIXp9VhSQh4xVGkIlAJHe3xirU","TokenCreationEpochInSecs":1765540585,"ExpiresInSecs":604800}