{"Fid":"d8EFYtNQQdOODPqyaMCc3z","Status":3,"AuthToken":"eyJhbGciOiJFUzI1NiIsInR5cCI6IkpXVCJ9.eyJhcHBJZCI6IjE6NjM2ODEzODMyNjYyOmFuZHJvaWQ6NmVlMWZhZWNlZGIzYjFkYmZjNzQ3NyIsImV4cCI6MTc2NTQyNDQ1NywiZmlkIjoiZDhFRll0TlFRZE9PRFBxeWFNQ2MzeiIsInByb2plY3ROdW1iZXIiOjYzNjgxMzgzMjY2Mn0.AB2LPV8wRgIhAP8Yf57ug8QDSBn5L5y7XyENdKsaAYy4ejwLc49QnSd8AiEAyEmNlVt4rJJ4QET_Zpdtc8b8sTXOzU19smowECCbedA","RefreshToken":"3_AS3qfwJ83RiWzemDMzdXd_1FwrhvDTucz937K3ABSfUxw5YvJGHjeq9NsxwIF11O2_qvWJTnNSFEyWazg3hQspkRpKCMCrxp5VnnRrcFXp1PmsI","TokenCreationEpochInSecs":1764819656,"ExpiresInSecs":604800}