{"Fid":"d_MeI-4XS22vMIxMZAbTkO","Status":3,"AuthToken":"eyJhbGciOiJFUzI1NiIsInR5cCI6IkpXVCJ9.eyJhcHBJZCI6IjE6NjM2ODEzODMyNjYyOmFuZHJvaWQ6NmVlMWZhZWNlZGIzYjFkYmZjNzQ3NyIsImV4cCI6MTc2NjE0NTM1NywiZmlkIjoiZF9NZUktNFhTMjJ2TUl4TVpBYlRrTyIsInByb2plY3ROdW1iZXIiOjYzNjgxMzgzMjY2Mn0.AB2LPV8wRQIgKlkK0aBbTl5VWXEjJ_KjXppjS-mio5__oJ3UK660UkICIQCEfqzJL6ZryMoD3buThItpQe5VR-6AmiBySCF6x48Ugg","RefreshToken":"3_AS3qfwJ0bUOx6k-wAnMzdy5y988fuR3SdxHn75UQMXi3lZdw2QqITG0_T0AETCoFJlN0mVAyfM0JIJoYMBkSQ0aOV34pePaUgpZqS6-mCd82DLs","TokenCreationEpochInSecs":1765540557,"ExpiresInSecs":604800}