{"Fid":"fJPq100qSJ2-fFaBgS3XkN","Status":3,"AuthToken":"eyJhbGciOiJFUzI1NiIsInR5cCI6IkpXVCJ9.eyJhcHBJZCI6IjE6ODc2MzMzMzcxNTk2OmFuZHJvaWQ6OTJlMjQzNjFhNmE0YWIzY2Y4MzI2OSIsImV4cCI6MTc2NTQyNDQ1NywiZmlkIjoiZkpQcTEwMHFTSjItZkZhQmdTM1hrTiIsInByb2plY3ROdW1iZXIiOjg3NjMzMzM3MTU5Nn0.AB2LPV8wRAIgPUofdqpexS605ixCEA_Cl-J3knxAFAUskl5Li9u0i2MCIF9GedOETkSDf-JAp7UeJXTH_QWKqSvTwLLzcEuLoYri","RefreshToken":"3_AS3qfwIBrozD_t4x-yWRdmwuc1fm1uaUGYmqSWHVONcEDWvXmKMvMGNSyEZpgR5phFJstInR4mtT6y-oVXk6v_LrOk0aRvFxzmxPhNOI-zGhIcI","TokenCreationEpochInSecs":1764819657,"ExpiresInSecs":604800}